バー ノーブル,"https://tblg.k-img.com/restaurant/images/Rvw/63211/320x320_square_63211797.jpg","https://tabelog.com/kanagawa/A1401/A140104/14001349/",35.44679268029149,35.4440947197085,139.6346469802915,139.6319490197085
RISTORANTE REGA,"https://tblg.k-img.com/restaurant/images/Rvw/31809/320x320_square_31809067.jpg","https://tabelog.com/kanagawa/A1401/A140105/14012330/",35.4390685802915,35.43637061970851,139.6433217802915,139.6406238197085
リオス ボングスタイオ,"https://tblg.k-img.com/restaurant/images/Rvw/30221/320x320_square_30221147.jpg","https://tabelog.com/kanagawa/A1401/A140105/14055323/",35.4426508802915,35.4399529197085,139.6510142802915,139.6483163197085
大滝,"https://tblg.k-img.com/restaurant/images/Rvw/9413/320x320_square_9413037.jpg","https://tabelog.com/kanagawa/A1401/A140104/14014394/",35.4496885802915,35.4469906197085,139.6393657802915,139.6366678197085
トラットリア ダ・テレーサ,"https://tblg.k-img.com/restaurant/images/Rvw/9579/320x320_square_9579799.jpg","https://tabelog.com/kanagawa/A1401/A140207/14042586/",35.5131379802915,35.5104400197085,139.5433539802915,139.5406560197085
地葉,"https://tblg.k-img.com/restaurant/images/Rvw/135409/320x320_square_135409911.jpg","https://tabelog.com/kanagawa/A1401/A140104/14070995/",35.44867858029149,35.44598061970849,139.6357301802915,139.6330322197085
オステリア　パーチェ,"https://tblg.k-img.com/restaurant/images/Rvw/37311/320x320_square_37311344.jpg","https://tabelog.com/kanagawa/A1401/A140201/14030876/",35.5638308802915,35.56113291970851,139.5589477802915,139.5562498197085
Ripaille,"https://tblg.k-img.com/restaurant/images/Rvw/29392/320x320_square_29392798.jpg","https://tabelog.com/kanagawa/A1401/A140104/14005204/",35.4497922802915,35.4470943197085,139.6357773802915,139.6330794197085
OSTERIA il FUOCO,"https://tblg.k-img.com/restaurant/images/Rvw/129689/320x320_square_129689994.jpg","https://tabelog.com/kanagawa/A1401/A140102/14051993/",35.46461498029149,35.46191701970849,139.6163789802915,139.6136810197085
Le Salon de Legumes,"https://tblg.k-img.com/restaurant/images/Rvw/112581/320x320_square_112581275.jpg","https://tabelog.com/kanagawa/A1401/A140104/14045182/",35.4518157802915,35.4491178197085,139.6396083802915,139.6369104197085
レオーネ・マルチアーノ,"https://tblg.k-img.com/restaurant/images/Rvw/72388/320x320_square_72388243.jpg","https://tabelog.com/kanagawa/A1401/A140103/14045408/",35.45991508029149,35.4572171197085,139.6311192802915,139.6284213197085
カサ・デ・フジモリ,"https://tblg.k-img.com/restaurant/images/Rvw/69005/320x320_square_69005111.jpg","https://tabelog.com/kanagawa/A1401/A140104/14002131/",35.4473662802915,35.44466831970851,139.6404484802915,139.6377505197085
SHIMOMURA,"https://tblg.k-img.com/restaurant/images/Rvw/71024/320x320_square_71024043.jpg","https://tabelog.com/kanagawa/A1401/A140105/14030204/",35.43886028029149,35.43616231970849,139.6426281802915,139.6399302197085
鶏料理・焼きとり　纜,"https://tblg.k-img.com/restaurant/images/Rvw/98640/320x320_square_98640940.jpg","https://tabelog.com/kanagawa/A1401/A140205/14000610/",35.47569378029149,35.4729958197085,139.6232135802915,139.6205156197085
カフェトスカ,"https://tblg.k-img.com/restaurant/images/Rvw/145687/320x320_square_145687667.jpg","https://tabelog.com/kanagawa/A1401/A140103/14000636/",35.45824838029149,35.45555041970849,139.6367450802915,139.6340471197085
スカンディヤ,"https://tblg.k-img.com/restaurant/images/Rvw/87866/320x320_square_87866234.jpg","https://tabelog.com/kanagawa/A1401/A140104/14000445/",35.4492045802915,35.4465066197085,139.6455406802915,139.6428427197085
ブッフェダイニング オーシャンテラス,"https://tblg.k-img.com/restaurant/images/Rvw/106272/320x320_square_106272911.jpg","https://tabelog.com/kanagawa/A1401/A140103/14000371/",35.4591305802915,35.4564326197085,139.6388447802915,139.6361468197085
ビーフキッチン 横浜店,"https://tblg.k-img.com/restaurant/images/Rvw/125382/320x320_square_125382822.jpg","https://tabelog.com/kanagawa/A1401/A140101/14031061/",35.4692709802915,35.46657301970851,139.6244299802915,139.6217320197085
チャコールグリル グリーン 馬車道,"https://tblg.k-img.com/restaurant/images/Rvw/24856/320x320_square_24856345.jpg","https://tabelog.com/kanagawa/A1401/A140104/14042726/",35.4504856802915,35.4477877197085,139.6367771802915,139.6340792197085
da TAKASHIMA,"https://tblg.k-img.com/restaurant/images/Rvw/46575/320x320_square_46575279.jpg","https://tabelog.com/kanagawa/A1401/A140101/14013723/",35.46390848029151,35.46121051970851,139.6238921802915,139.6211942197085
フレスコ,"https://tblg.k-img.com/restaurant/images/Rvw/101135/320x320_square_101135793.jpg","https://tabelog.com/kanagawa/A1401/A140203/14001983/",35.5386213302915,35.5359233697085,139.5914853302915,139.5887873697085
アマルフィイ ノベッロ,"https://tblg.k-img.com/restaurant/images/Rvw/17700/320x320_square_17700493.jpg","https://tabelog.com/kanagawa/A1401/A140206/14011820/",35.5089310802915,35.5062331197085,139.6183750802915,139.6156771197085
ハノイ,"https://tblg.k-img.com/restaurant/images/Rvw/57986/320x320_square_57986484.jpg","https://tabelog.com/kanagawa/A1401/A140212/14004772/",35.481021,35.481021,139.63148,139.63148
スカンディヤガーデン,"https://tblg.k-img.com/restaurant/images/Rvw/135066/320x320_square_135066563.jpg","https://tabelog.com/kanagawa/A1401/A140104/14001317/",35.4492045802915,35.4465066197085,139.6455406802915,139.6428427197085
和ダイニング　一如,"https://tblg.k-img.com/restaurant/images/Rvw/49510/320x320_square_49510713.jpg","https://tabelog.com/kanagawa/A1401/A140102/14002713/",35.4639664802915,35.4612685197085,139.6176222802915,139.6149243197085
ロティスリー アルティザン,"https://tblg.k-img.com/restaurant/images/Rvw/29335/320x320_square_29335065.jpg","https://tabelog.com/kanagawa/A1401/A140104/14053920/",35.4500950802915,35.4473971197085,139.6364634802915,139.6337655197085
Wines Kitchen Rigatto,"https://tblg.k-img.com/restaurant/images/Rvw/32967/320x320_square_32967325.jpg","https://tabelog.com/kanagawa/A1401/A140102/14043894/",35.4472121802915,35.4445142197085,139.6297327802915,139.6270348197085
ラ ヴェラ,"https://tblg.k-img.com/restaurant/images/Rvw/107262/320x320_square_107262871.jpg","https://tabelog.com/kanagawa/A1401/A140103/14000626/",35.4587284802915,35.45603051970851,139.6387867802915,139.6360888197085
リストランテ・リアル,"https://tblg.k-img.com/restaurant/images/Rvw/86402/320x320_square_86402276.jpg","https://tabelog.com/kanagawa/A1401/A140101/14001999/",35.4637164802915,35.4610185197085,139.6237668802915,139.6210689197085
アクア オリビン,"https://tblg.k-img.com/restaurant/images/Rvw/26489/320x320_square_26489321.jpg","https://tabelog.com/kanagawa/A1401/A140104/14000154/",35.4496216802915,35.4469237197085,139.6447597802915,139.6420618197085
焼肉 べこ亭 たまプラーザ本店,"https://tblg.k-img.com/restaurant/images/Rvw/3146/320x320_square_3146089.jpg","https://tabelog.com/kanagawa/A1401/A140201/14012025/",35.58515038029149,35.5824524197085,139.5651644802915,139.5624665197085
マンジャーレ 伊勢山,"https://tblg.k-img.com/restaurant/images/Rvw/88704/320x320_square_88704651.jpg","https://tabelog.com/kanagawa/A1401/A140102/14036364/",35.4527283802915,35.4500304197085,139.6277653802915,139.6250674197085
レストラン アルティザン（restaurant Artisan）,"https://tblg.k-img.com/restaurant/images/Rvw/81738/320x320_square_81738258.jpg","https://tabelog.com/kanagawa/A1401/A140104/14070514/",35.4463121802915,35.4436142197085,139.6437158802915,139.6410179197085
ル・メッサージュ,"https://tblg.k-img.com/restaurant/images/Rvw/3092/320x320_square_3092402.jpg","https://tabelog.com/kanagawa/A1401/A140306/14030304/",35.42486788029149,35.42216991970849,139.6025074802915,139.5998095197085
ル バー ラヴァン サンカンドゥ アザブ トウキョウ 関内店,"https://tblg.k-img.com/restaurant/images/Rvw/139836/320x320_square_139836702.jpg","https://tabelog.com/kanagawa/A1401/A140104/14057024/",35.4483308802915,35.4456329197085,139.6413998802915,139.6387019197085
BiOsteria Komakine,"https://tblg.k-img.com/restaurant/images/Rvw/32958/320x320_square_32958826.jpg","https://tabelog.com/kanagawa/A1401/A140306/14011292/",35.4313918802915,35.4286939197085,139.6109189802915,139.6082210197085
肉山 横浜,"https://tblg.k-img.com/restaurant/images/Rvw/92267/320x320_square_92267776.jpg","https://tabelog.com/kanagawa/A1401/A140105/14068671/",35.4421515802915,35.4394536197085,139.6510989802915,139.6484010197085
ピルグリム・ナインティーンス・クラブ,"https://tblg.k-img.com/restaurant/images/Rvw/24830/320x320_square_24830919.jpg","https://tabelog.com/kanagawa/A1401/A140104/14000694/",35.4500303802915,35.4473324197085,139.6375176802915,139.6348197197085
IL PINOLO SKY TERRACE 横浜,"https://tblg.k-img.com/restaurant/images/Rvw/97939/320x320_square_97939890.jpg","https://tabelog.com/kanagawa/A1401/A140101/14003084/",35.46698028029149,35.4642823197085,139.6270979802915,139.6244000197085
オービカ モッツァレラバー 横浜店,"https://tblg.k-img.com/restaurant/images/Rvw/30337/320x320_square_30337166.jpg","https://tabelog.com/kanagawa/A1401/A140101/14055393/",35.4664131802915,35.4637152197085,139.6218334802915,139.6191355197085
RIO GRANDE GRILL 横浜ベイクォーター,"https://tblg.k-img.com/restaurant/images/Rvw/73377/320x320_square_73377593.jpg","https://tabelog.com/kanagawa/A1401/A140101/14054425/",35.4675297802915,35.4648318197085,139.6286868802915,139.6259889197085
炭火焼イタリアン 海串 ブラーチェ,"https://tblg.k-img.com/restaurant/images/Rvw/18462/320x320_square_18462443.jpg","https://tabelog.com/kanagawa/A1401/A140101/14037770/",35.4684328802915,35.4657349197085,139.6201613802915,139.6174634197085
ギリシャ料理&バー OLYMPIA,"https://tblg.k-img.com/restaurant/images/Rvw/37529/320x320_square_37529233.jpg","https://tabelog.com/kanagawa/A1401/A140104/14004726/",35.4481309802915,35.4454330197085,139.6401759802915,139.6374780197085
KANDY,"https://tblg.k-img.com/restaurant/images/Rvw/123752/320x320_square_123752465.jpg","https://tabelog.com/kanagawa/A1401/A140105/14033142/",35.44077008029149,35.43807211970849,139.6492310802915,139.6465331197085
大徳壽,"https://tblg.k-img.com/restaurant/images/Rvw/105957/320x320_square_105957753.jpg","https://tabelog.com/kanagawa/A1401/A140104/14001870/",35.4451511802915,35.4424532197085,139.6355720802915,139.6328741197085
FORESTARIA,"https://tblg.k-img.com/restaurant/images/Rvw/73751/320x320_square_73751614.jpg","https://tabelog.com/kanagawa/A1401/A140307/14066546/",35.4098500802915,35.4071521197085,139.5952403802915,139.5925424197085
レ・サンス,"https://tblg.k-img.com/restaurant/images/Rvw/124974/320x320_square_124974403.jpg","https://tabelog.com/kanagawa/A1401/A140201/14001948/",35.57482338029149,35.5721254197085,139.5568768802915,139.5541789197085
橙家 横浜みなとみらい東急スクエア店,"https://tblg.k-img.com/restaurant/images/Rvw/89027/320x320_square_89027363.jpg","https://tabelog.com/kanagawa/A1401/A140103/14001683/",35.4579799802915,35.4552820197085,139.6359419802915,139.6332440197085
goffo,"https://tblg.k-img.com/restaurant/images/Rvw/59206/320x320_square_59206156.jpg","https://tabelog.com/kanagawa/A1401/A140101/14063516/",35.46652398029149,35.46382601970849,139.6146128802915,139.6119149197085
hanasaku,"https://tblg.k-img.com/restaurant/images/Rvw/31186/320x320_square_31186484.jpg","https://tabelog.com/kanagawa/A1401/A140102/14056127/",35.4509531802915,35.4482552197085,139.6309484802915,139.6282505197085
オステリア イタリアーナ コバ,"https://tblg.k-img.com/restaurant/images/Rvw/100606/320x320_square_100606574.jpg","https://tabelog.com/kanagawa/A1401/A140205/14069038/",35.5167848802915,35.5140869197085,139.6331457802915,139.6304478197085
ジンジャーズビーチ,"https://tblg.k-img.com/restaurant/images/Rvw/109117/320x320_square_109117976.jpg","https://tabelog.com/kanagawa/A1401/A140212/14014714/",35.4690953802915,35.4663974197085,139.6278995802915,139.6252016197085
シェフズ・ブイ 横浜ランドマークタワー店,"https://tblg.k-img.com/restaurant/images/Rvw/58258/320x320_square_58258087.jpg","https://tabelog.com/kanagawa/A1401/A140103/14004938/",35.4557119802915,35.4530140197085,139.6328649802915,139.6301670197085
匠家33,"https://tblg.k-img.com/restaurant/images/Rvw/25864/320x320_square_25864417.jpg","https://tabelog.com/kanagawa/A1401/A140104/14051741/",35.44651058029149,35.4438126197085,139.6373971802915,139.6346992197085
クッチーナピノッキオ,"https://tblg.k-img.com/restaurant/images/Rvw/24813/320x320_square_24813969.jpg","https://tabelog.com/kanagawa/A1401/A140203/14037484/",35.5450239802915,35.5423260197085,139.5766319802915,139.5739340197085
パッパーレ・ヴィーノ,"https://tblg.k-img.com/restaurant/images/Rvw/31292/320x320_square_31292544.jpg","https://tabelog.com/kanagawa/A1401/A140101/14049011/",35.46662148029149,35.4639235197085,139.6245635802915,139.6218656197085
オッティモ・シーフード・ガーデン 横浜店,"https://tblg.k-img.com/restaurant/images/Rvw/133960/320x320_square_133960186.jpg","https://tabelog.com/kanagawa/A1401/A140101/14012967/",35.4665730802915,35.4638751197085,139.6240854802915,139.6213875197085
チャコールグリル グリーン 石川町,"https://tblg.k-img.com/restaurant/images/Rvw/24864/320x320_square_24864161.jpg","https://tabelog.com/kanagawa/A1401/A140105/14029049/",35.4400588802915,35.4373609197085,139.6458226802915,139.6431247197085
リストランテ・アッティモ,"https://tblg.k-img.com/restaurant/images/Rvw/81549/320x320_square_81549392.jpg","https://tabelog.com/kanagawa/A1401/A140103/14003828/",35.4608618802915,35.4581639197085,139.6377752802915,139.6350773197085
慶福楼 本店 市場通り,"https://tblg.k-img.com/restaurant/images/Rvw/55218/320x320_square_55218157.jpg","https://tabelog.com/kanagawa/A1401/A140105/14030707/",35.44411898029149,35.44142101970849,139.6476949802915,139.6449970197085
ダンゼロ,"https://tblg.k-img.com/restaurant/images/Rvw/70957/320x320_square_70957762.jpg","https://tabelog.com/kanagawa/A1401/A140103/14021015/",35.4613393802915,35.4586414197085,139.6373425802915,139.6346446197085
サンクアロマ,"https://tblg.k-img.com/restaurant/images/Rvw/14159/320x320_square_14159202.jpg","https://tabelog.com/kanagawa/A1401/A140201/14002274/",35.5798339802915,35.5771360197085,139.5668899802915,139.5641920197085
鉄板ダイニング 哲,"https://tblg.k-img.com/restaurant/images/Rvw/20398/320x320_square_20398741.jpg","https://tabelog.com/kanagawa/A1401/A140104/14037065/",35.4481309802915,35.4454330197085,139.6408099802915,139.6381120197085
bistro GHIOTTO,"https://tblg.k-img.com/restaurant/images/Rvw/81341/320x320_square_81341699.jpg","https://tabelog.com/kanagawa/A1401/A140204/14021430/",35.5542191802915,35.5515212197085,139.6467502802915,139.6440523197085
炭火焼きステーキ&ハンバーグ アンカーグラウンド 馬車道店,"https://tblg.k-img.com/restaurant/images/Rvw/97476/320x320_square_97476232.jpg","https://tabelog.com/kanagawa/A1401/A140103/14053407/",35.4526615802915,35.4499636197085,139.6389952802915,139.6362973197085
鉄板焼　ぼんの,"https://tblg.k-img.com/restaurant/images/Rvw/58920/320x320_square_58920476.jpg","https://tabelog.com/kanagawa/A1401/A140102/14001859/",35.4522979802915,35.44960001970851,139.6306889802915,139.6279910197085
熟成和牛焼肉エイジング・ビーフ 横浜店,"https://tblg.k-img.com/restaurant/images/Rvw/85491/320x320_square_85491700.jpg","https://tabelog.com/kanagawa/A1401/A140212/14073774/",35.47060628029149,35.4679083197085,139.6256891802915,139.6229912197085
水信フルーツパーラー,"https://tblg.k-img.com/restaurant/images/Rvw/134071/320x320_square_134071430.jpg","https://tabelog.com/kanagawa/A1401/A140104/14079039/",35.4523142802915,35.4496163197085,139.6372737802915,139.6345758197085
イタリアンバル AMIGO,"https://tblg.k-img.com/restaurant/images/Rvw/69307/320x320_square_69307522.jpg","https://tabelog.com/kanagawa/A1401/A140104/14067088/",35.4487074802915,35.4460095197085,139.6377712802915,139.6350733197085
シルク,"https://tblg.k-img.com/restaurant/images/Rvw/44742/320x320_square_44742715.jpg","https://tabelog.com/kanagawa/A1401/A140104/14006715/",35.4465732802915,35.4438753197085,139.6457963802915,139.6430984197085
熟成和牛ステーキグリルド エイジング・ビーフ 横浜店,"https://tblg.k-img.com/restaurant/images/Rvw/62741/320x320_square_62741446.jpg","https://tabelog.com/kanagawa/A1401/A140101/14052655/",35.4692817802915,35.4665838197085,139.6244017802915,139.6217038197085
和食と炭火焼 三代目 うな衛門 桜木町店,"https://tblg.k-img.com/restaurant/images/Rvw/51683/320x320_square_51683100.jpg","https://tabelog.com/kanagawa/A1401/A140102/14057390/",35.45090078029151,35.44820281970851,139.6305827802915,139.6278848197085
ヴェール パール ナオミ オオガキ,"https://tblg.k-img.com/restaurant/images/Rvw/62410/320x320_square_62410858.jpg","https://tabelog.com/kanagawa/A1401/A140104/14064445/",35.4501168802915,35.4474189197085,139.6411380802915,139.6384401197085
横浜鳥ぎん みなとみらい店,"https://tblg.k-img.com/restaurant/images/Rvw/5593/320x320_square_5593123.jpg","https://tabelog.com/kanagawa/A1401/A140102/14001225/",35.4520199802915,35.4493220197085,139.6341072802915,139.6314093197085
焼肉 どうらく 横浜西口本店,"https://tblg.k-img.com/restaurant/images/Rvw/16188/320x320_square_16188750.jpg","https://tabelog.com/kanagawa/A1401/A140101/14031021/",35.4651181802915,35.46242021970851,139.6198345802915,139.6171366197085
フレンチ酒場 ボンマルシェ,"https://tblg.k-img.com/restaurant/images/Rvw/119778/320x320_square_119778489.jpg","https://tabelog.com/kanagawa/A1401/A140104/14050085/",35.4473898802915,35.4446919197085,139.6376051802915,139.6349072197085
ラ・リラッサ,"https://tblg.k-img.com/restaurant/images/Rvw/117305/320x320_square_117305739.jpg","https://tabelog.com/kanagawa/A1401/A140310/14048387/",35.3623832802915,35.3596853197085,139.6301915802915,139.6274936197085
QUAYS pacific grill,"https://tblg.k-img.com/restaurant/images/Rvw/137670/320x320_square_137670420.jpg","https://tabelog.com/kanagawa/A1401/A140104/14077068/",35.4571984802915,35.4545005197085,139.6426947802915,139.6399968197085
アクイロット,"https://tblg.k-img.com/restaurant/images/Rvw/125602/320x320_square_125602687.jpg","https://tabelog.com/kanagawa/A1401/A140204/14067822/",35.5559225802915,35.5532246197085,139.6469371802915,139.6442392197085
地葉はなれ,"https://tblg.k-img.com/restaurant/images/Rvw/135594/320x320_square_135594170.jpg","https://tabelog.com/kanagawa/A1401/A140101/14074964/",35.4706087802915,35.4679108197085,139.6256391802915,139.6229412197085
戸塚崎陽軒 イルサッジオ,"https://tblg.k-img.com/restaurant/images/Rvw/50358/320x320_square_50358133.jpg","https://tabelog.com/kanagawa/A1401/A140305/14000973/",35.3756987802915,35.3730008197085,139.5041019802915,139.5014040197085
キッチンボンノ 桜木町,"https://tblg.k-img.com/restaurant/images/Rvw/58803/320x320_square_58803169.jpg","https://tabelog.com/kanagawa/A1401/A140102/14051443/",35.4518733802915,35.4491754197085,139.6307545802915,139.6280566197085
ラ・タッパ フィッサ,"https://tblg.k-img.com/restaurant/images/Rvw/32618/320x320_square_32618154.jpg","https://tabelog.com/kanagawa/A1401/A140105/14035140/",35.44072948029151,35.43803151970851,139.6484463802915,139.6457484197085
ラ・メゾン センター北店,"https://tblg.k-img.com/restaurant/images/Rvw/52118/320x320_square_52118012.jpg","https://tabelog.com/kanagawa/A1401/A140203/14063342/",35.5561253802915,35.55342741970851,139.5809360802915,139.5782381197085
和食と炭火焼 三代目 うな衛門 横浜西口店,"https://tblg.k-img.com/restaurant/images/Rvw/72347/320x320_square_72347537.jpg","https://tabelog.com/kanagawa/A1401/A140102/14067933/",35.4643585802915,35.4616606197085,139.6192454802915,139.6165475197085
AMI,"https://tblg.k-img.com/restaurant/images/Rvw/73003/320x320_square_73003993.jpg","https://tabelog.com/kanagawa/A1401/A140105/14053615/",35.43945198029151,35.43675401970851,139.6450148802915,139.6423169197085
イタリアーノ イワイ,"https://tblg.k-img.com/restaurant/images/Rvw/145513/320x320_square_145513776.jpg","https://tabelog.com/kanagawa/A1401/A140203/14031975/",35.5452533802915,35.5425554197085,139.5723406802915,139.5696427197085
カリフォルニアラウンジ 矢向店,"https://tblg.k-img.com/restaurant/images/Rvw/55737/320x320_square_55737707.jpg","https://tabelog.com/kanagawa/A1401/A140210/14051922/",35.5422809802915,35.5395830197085,139.6828999802915,139.6802020197085
ヒジテツ 伊勢佐木町店,"https://tblg.k-img.com/restaurant/images/Rvw/9041/320x320_square_9041653.jpg","https://tabelog.com/kanagawa/A1401/A140104/14012245/",35.44109298029149,35.43839501970849,139.6320149802915,139.6293170197085
夜な夜な,"https://tblg.k-img.com/restaurant/images/Rvw/143439/320x320_square_143439941.jpg","https://tabelog.com/kanagawa/A1401/A140306/14056200/",35.43301108029149,35.43031311970849,139.6042753802915,139.6015774197085
Y.S,"https://tblg.k-img.com/restaurant/images/Rvw/27742/320x320_square_27742489.jpg","https://tabelog.com/kanagawa/A1401/A140102/14052662/",35.45535518029151,35.45265721970851,139.6402816802915,139.6375837197085
Bar Bar Bar,"https://tblg.k-img.com/restaurant/images/Rvw/98030/320x320_square_98030893.jpg","https://tabelog.com/kanagawa/A1401/A140104/14000527/",35.44735878029149,35.4446608197085,139.6404225802915,139.6377246197085
本格スペイン料理＆ステーキハウス　CASA DEL RIO,"https://tblg.k-img.com/restaurant/images/Rvw/121135/320x320_square_121135378.jpg","https://tabelog.com/kanagawa/A1401/A140102/14069843/",35.4476169802915,35.4449190197085,139.6308571802915,139.6281592197085
炭火焼鳥　榊,"https://tblg.k-img.com/restaurant/images/Rvw/42825/320x320_square_42825061.jpg","https://tabelog.com/kanagawa/A1401/A140102/14060507/",35.4500311802915,35.4473332197085,139.6324136802915,139.6297157197085
Restaurant EISUKE,"https://tblg.k-img.com/restaurant/images/Rvw/77835/320x320_square_77835255.jpg","https://tabelog.com/kanagawa/A1401/A140105/14069689/",35.4401870802915,35.4374891197085,139.6460101802915,139.6433122197085
〆蕎麦ぼん,"https://tblg.k-img.com/restaurant/images/Rvw/108598/320x320_square_108598650.jpg","https://tabelog.com/kanagawa/A1401/A140104/14073047/",35.4431587802915,35.44046081970851,139.6298587802915,139.6271608197085
ワインビストロ　Dai　たまプラーザ,"https://tblg.k-img.com/restaurant/images/Rvw/122394/320x320_square_122394701.jpg","https://tabelog.com/kanagawa/A1401/A140201/14046124/",35.5796967802915,35.5769988197085,139.5571090802915,139.5544111197085
フレンチ ビストロ lemidi 桜木町 みなとみらい,"https://tblg.k-img.com/restaurant/images/Rvw/58658/320x320_square_58658425.jpg","https://tabelog.com/kanagawa/A1401/A140102/14045681/",35.45229228029149,35.4495943197085,139.6307836802915,139.6280857197085
関内バル 333,"https://tblg.k-img.com/restaurant/images/Rvw/88668/320x320_square_88668021.jpg","https://tabelog.com/kanagawa/A1401/A140104/14054081/",35.4470650802915,35.4443671197085,139.6383449802915,139.6356470197085
焼肉問屋 横浜醍醐,"https://tblg.k-img.com/restaurant/images/Rvw/20004/320x320_square_20004650.jpg","https://tabelog.com/kanagawa/A1401/A140101/14013330/",35.4698239802915,35.4671260197085,139.6244679802915,139.6217700197085
ドウラク コリーダ ランドマーク店,"https://tblg.k-img.com/restaurant/images/Rvw/44552/320x320_square_44552080.jpg","https://tabelog.com/kanagawa/A1401/A140104/14060546/",35.4565023802915,35.4538044197085,139.6331388802915,139.6304409197085
野菜レストランさいとう,"https://tblg.k-img.com/restaurant/images/Rvw/49154/320x320_square_49154680.jpg","https://tabelog.com/kanagawa/A1401/A140205/14007920/",35.5132258802915,35.5105279197085,139.6337205802915,139.6310226197085
オレンジブランチ,"https://tblg.k-img.com/restaurant/images/Rvw/103681/320x320_square_103681178.jpg","https://tabelog.com/kanagawa/A1401/A140102/14049402/",35.4543765802915,35.4516786197085,139.6298394802915,139.6271415197085
キチジョウダイニング,"https://tblg.k-img.com/restaurant/images/Rvw/35826/320x320_square_35826822.jpg","https://tabelog.com/kanagawa/A1401/A140104/14008136/",35.4464210802915,35.4437231197085,139.6311733802915,139.6284754197085
ＳＴ　エスティ,"https://tblg.k-img.com/restaurant/images/Rvw/81435/320x320_square_81435037.jpg","https://tabelog.com/kanagawa/A1401/A140105/14061775/",35.4401667802915,35.4374688197085,139.6510685802915,139.6483706197085
A Plus,"https://tblg.k-img.com/restaurant/images/Rvw/104684/320x320_square_104684103.jpg","https://tabelog.com/kanagawa/A1401/A140202/14061424/",35.46483198029149,35.46213401970849,139.6173199802915,139.6146220197085
クルーズ・クルーズYOKOHAMA,"https://tblg.k-img.com/restaurant/images/Rvw/47080/320x320_square_47080065.jpg","https://tabelog.com/kanagawa/A1401/A140101/14003355/",35.46586978029149,35.46317181970849,139.6260447802915,139.6233468197085
焼肉ぽんが 横浜店,"https://tblg.k-img.com/restaurant/images/Rvw/121185/320x320_square_121185522.jpg","https://tabelog.com/kanagawa/A1401/A140101/14076912/",35.46814748029149,35.46544951970849,139.6181300802915,139.6154321197085
半平,"https://tblg.k-img.com/restaurant/images/Rvw/121621/320x320_square_121621619.jpg","https://tabelog.com/kanagawa/A1401/A140201/14036557/",35.5814417802915,35.5787438197085,139.5600416802915,139.5573437197085
レストラン　ブー 妙蓮寺,"https://tblg.k-img.com/restaurant/images/Rvw/109900/320x320_square_109900021.jpg","https://tabelog.com/kanagawa/A1401/A140205/14045811/",35.49692028029151,35.49422231970851,139.6341349802915,139.6314370197085
ブラッスリーピガール,"https://tblg.k-img.com/restaurant/images/Rvw/134996/320x320_square_134996850.jpg","https://tabelog.com/kanagawa/A1401/A140102/14053056/",35.4499137802915,35.4472158197085,139.6324121802915,139.6297142197085
関内本店 月,"https://tblg.k-img.com/restaurant/images/Rvw/78594/320x320_square_78594544.jpg","https://tabelog.com/kanagawa/A1401/A140104/14002032/",35.4481980802915,35.44550011970851,139.6360857802915,139.6333878197085
GINZA 春夏秋豚 横浜店,"https://tblg.k-img.com/restaurant/images/Rvw/108810/320x320_square_108810395.jpg","https://tabelog.com/kanagawa/A1401/A140101/14051948/",35.4696565802915,35.4669586197085,139.6241108802915,139.6214129197085
レストラン ビマビ,"https://tblg.k-img.com/restaurant/images/Rvw/131637/320x320_square_131637825.jpg","https://tabelog.com/kanagawa/A1401/A140204/14055956/",35.53641058029149,35.5337126197085,139.6189826802915,139.6162847197085
焼肉 基,"https://tblg.k-img.com/restaurant/images/Rvw/64655/320x320_square_64655360.jpg","https://tabelog.com/kanagawa/A1401/A140104/14066181/",35.4442375802915,35.4415396197085,139.6316949802915,139.6289970197085
横浜 反町 DA HORI,"https://tblg.k-img.com/restaurant/images/Rvw/105985/320x320_square_105985996.jpg","https://tabelog.com/kanagawa/A1401/A140205/14074222/",35.4765555802915,35.4738576197085,139.6271140802915,139.6244161197085
COLONIAL BEACH 横浜ハンマーヘッド,"https://tblg.k-img.com/restaurant/images/Rvw/118486/320x320_square_118486938.jpg","https://tabelog.com/kanagawa/A1401/A140104/14077027/",35.4571176802915,35.4544197197085,139.6429631802915,139.6402652197085
Byrd's Pizza & Ribs,"https://tblg.k-img.com/restaurant/images/Rvw/92076/320x320_square_92076429.jpg","https://tabelog.com/kanagawa/A1401/A140203/14070375/",35.55407638029149,35.5513784197085,139.5797115802915,139.5770136197085
炭と料理とワイン AVANZARE,"https://tblg.k-img.com/restaurant/images/Rvw/107771/320x320_square_107771965.jpg","https://tabelog.com/kanagawa/A1401/A140203/14073361/",35.5563295802915,35.5536316197085,139.5819366802915,139.5792387197085
オムナチェッロ,"https://tblg.k-img.com/restaurant/images/Rvw/116937/320x320_square_116937915.jpg","https://tabelog.com/kanagawa/A1401/A140210/14062894/",35.5122544802915,35.5095565197085,139.6744816802915,139.6717837197085
スペイン料理＆ワイン パエリア専門店　ミゲルフアニ 横浜店,"https://tblg.k-img.com/restaurant/images/Rvw/146896/320x320_square_146896509.jpg","https://tabelog.com/kanagawa/A1401/A140104/14062319/",35.45611858029149,35.4534206197085,139.6435692802915,139.6408713197085
ベイサイド,"https://tblg.k-img.com/restaurant/images/Rvw/136234/320x320_square_136234779.jpg","https://tabelog.com/kanagawa/A1401/A140102/14000159/",35.38111468029151,35.37841671970851,139.6475690802915,139.6448711197085
ステッラ・ディ・マーレ,"https://tblg.k-img.com/restaurant/images/Rvw/139857/320x320_square_139857146.jpg","https://tabelog.com/kanagawa/A1401/A140104/14003044/",35.44894078029151,35.44624281970851,139.6359942802915,139.6332963197085
YAKINIKU 和牛ラボ 横浜店,"https://tblg.k-img.com/restaurant/images/Rvw/139704/320x320_square_139704846.jpg","https://tabelog.com/kanagawa/A1401/A140101/14081034/",35.47060628029149,35.4679083197085,139.6256891802915,139.6229912197085
ヨコハマ グランド インターコンチネンタルホテル,"https://tblg.k-img.com/restaurant/images/Rvw/45957/320x320_square_45957260.jpg","https://tabelog.com/kanagawa/A1401/A140103/14015638/",35.4589440802915,35.4562461197085,139.6385648802915,139.6358669197085
ピッツェリア・エ・バール・ラ・ボラッチャ,"https://tblg.k-img.com/restaurant/images/Rvw/58209/320x320_square_58209476.jpg","https://tabelog.com/kanagawa/A1401/A140201/14064127/",35.58041318029149,35.5777152197085,139.5566191802915,139.5539212197085
澄仙,"https://tblg.k-img.com/restaurant/images/Rvw/34786/320x320_square_34786881.jpg","https://tabelog.com/kanagawa/A1401/A140206/14013110/",35.5111600802915,35.5084621197085,139.6160865802915,139.6133886197085
やさい家めい ルミネ横浜店,"https://tblg.k-img.com/restaurant/images/Rvw/131005/320x320_square_131005096.jpg","https://tabelog.com/kanagawa/A1401/A140101/14029714/",35.4666119802915,35.4639140197085,139.6241939802915,139.6214960197085
ラタトゥイユ,"https://tblg.k-img.com/restaurant/images/Rvw/121851/320x320_square_121851723.jpg","https://tabelog.com/kanagawa/A1401/A140104/14002668/",35.4477979802915,35.4451000197085,139.6383469802915,139.6356490197085
winedining YOSHIHAMA,"https://tblg.k-img.com/restaurant/images/Rvw/139551/320x320_square_139551068.jpg","https://tabelog.com/kanagawa/A1401/A140206/14004084/",35.5112553802915,35.5085574197085,139.6172437802915,139.6145458197085
季節の旬彩イタリアン ナビガンテ,"https://tblg.k-img.com/restaurant/images/Rvw/85157/320x320_square_85157735.jpg","https://tabelog.com/kanagawa/A1401/A140105/14058613/",35.4391561802915,35.43645821970851,139.6467808802915,139.6440829197085
グランドゥーカ 京急百貨店,"https://tblg.k-img.com/restaurant/images/Rvw/93543/320x320_square_93543524.jpg","https://tabelog.com/kanagawa/A1401/A140307/14004764/",35.41062718029149,35.4079292197085,139.5978545802915,139.5951566197085
DOLCE,"https://tblg.k-img.com/restaurant/images/Rvw/38445/320x320_square_38445962.jpg","https://tabelog.com/kanagawa/A1401/A140207/14006598/",35.44705808029151,35.44436011970851,139.6313489802915,139.6286510197085
1-1&ザ ルーフトップ,"https://tblg.k-img.com/restaurant/images/Rvw/90548/320x320_square_90548387.jpg","https://tabelog.com/kanagawa/A1401/A140104/14072063/",35.44967948029149,35.4469815197085,139.6446651802915,139.6419672197085
USHIHACHI あざみ野,"https://tblg.k-img.com/restaurant/images/Rvw/122065/320x320_square_122065205.jpg","https://tabelog.com/kanagawa/A1401/A140201/14070185/",35.5704271802915,35.5677292197085,139.5549633802915,139.5522654197085
CRAFT BEER DINING &9,"https://tblg.k-img.com/restaurant/images/Rvw/116317/320x320_square_116317043.jpg","https://tabelog.com/kanagawa/A1401/A140104/14067078/",35.44630508029149,35.4436071197085,139.6429200802915,139.6402221197085
イタリアン レストラン リトル キャット,"https://tblg.k-img.com/restaurant/images/Rvw/58584/320x320_square_58584103.jpg","https://tabelog.com/kanagawa/A1401/A140101/14006553/",35.47060648029149,35.4679085197085,139.6209336802915,139.6182357197085
レストラン エソラ,"https://tblg.k-img.com/restaurant/images/Rvw/86716/320x320_square_86716459.jpg","https://tabelog.com/kanagawa/A1401/A140203/14035797/",35.5357709802915,35.5330730197085,139.5920299802915,139.5893320197085
クラシック 横浜,"https://tblg.k-img.com/restaurant/images/Rvw/59004/320x320_square_59004727.jpg","https://tabelog.com/kanagawa/A1401/A140101/14011503/",35.4707017802915,35.4680038197085,139.6250216802915,139.6223237197085
オサカナバル IL MARE 横浜西口駅前店,"https://tblg.k-img.com/restaurant/images/Rvw/133540/320x320_square_133540592.jpg","https://tabelog.com/kanagawa/A1401/A140101/14065341/",35.4688149802915,35.4661170197085,139.6225419802915,139.6198440197085
スペイン酒場 HOLA,"https://tblg.k-img.com/restaurant/images/Rvw/90976/320x320_square_90976166.jpg","https://tabelog.com/kanagawa/A1401/A140104/14052530/",35.44782268029149,35.4451247197085,139.6387981802915,139.6361002197085
キッチン&バル コンパス,"https://tblg.k-img.com/restaurant/images/Rvw/108614/320x320_square_108614420.jpg","https://tabelog.com/kanagawa/A1401/A140104/14062768/",35.44484878029149,35.4421508197085,139.6355926802915,139.6328947197085
究極野菜のイタリアン ポズダイニング,"https://tblg.k-img.com/restaurant/images/Rvw/18070/320x320_square_18070402.jpg","https://tabelog.com/kanagawa/A1401/A140104/14006683/",35.44723028029151,35.44453231970851,139.6343005802915,139.6316026197085
鶏和酎,"https://tblg.k-img.com/restaurant/images/Rvw/35744/320x320_square_35744276.jpg","https://tabelog.com/kanagawa/A1401/A140203/14009795/",35.55345988029149,35.55076191970849,139.5780232802915,139.5753253197085
ショットバー　アクアリューム,"https://tblg.k-img.com/restaurant/images/Rvw/25241/320x320_square_25241010.jpg","https://tabelog.com/kanagawa/A1401/A140104/14000355/",35.44765828029149,35.44496031970849,139.6386208802915,139.6359229197085
寿司久,"https://tblg.k-img.com/restaurant/images/Rvw/8350/320x320_square_8350858.jpg","https://tabelog.com/kanagawa/A1401/A140202/14010142/",35.43347908029149,35.4307811197085,139.6037654802915,139.6010675197086
インコントロ,"https://tblg.k-img.com/restaurant/images/Rvw/103288/320x320_square_103288312.jpg","https://tabelog.com/kanagawa/A1401/A140104/14035422/",35.44223788029149,35.43953991970849,139.6330112802915,139.6303133197085
一禅,"https://tblg.k-img.com/restaurant/images/Rvw/86388/320x320_square_86388295.jpg","https://tabelog.com/kanagawa/A1401/A140203/14011585/",35.54327508029149,35.54057711970849,139.5764455802915,139.5737476197085
BISTRO HIRO’ｓ ,"https://tblg.k-img.com/restaurant/images/Rvw/109945/320x320_square_109945354.jpg","https://tabelog.com/kanagawa/A1401/A140104/14074220/",35.4488828802915,35.4461849197085,139.6369755802915,139.6342776197085
鉄板焼　一如,"https://tblg.k-img.com/restaurant/images/Rvw/14783/320x320_square_14783015.jpg","https://tabelog.com/kanagawa/A1401/A140101/14047770/",35.4661929802915,35.4634950197085,139.6160839802915,139.6133860197085
LEAFⅡ,"https://tblg.k-img.com/restaurant/images/Rvw/99897/320x320_square_99897955.jpg","https://tabelog.com/kanagawa/A1401/A140104/14073797/",35.4497714802915,35.4470735197085,139.6394104802915,139.6367125197085
熔岩石焼・旬料理 ｐｒｏｔａｇｏ,"https://tblg.k-img.com/restaurant/images/Rvw/48450/320x320_square_48450521.jpg","https://tabelog.com/kanagawa/A1401/A140106/14056505/",35.42990028029149,35.42720231970849,139.6476821802915,139.6449842197085
焼鳥　月,"https://tblg.k-img.com/restaurant/images/Rvw/107697/320x320_square_107697531.jpg","https://tabelog.com/kanagawa/A1401/A140310/14041456/",35.37113928029149,35.3684413197085,139.6352646802915,139.6325667197085
Cheese Meets Meat YOKOHAMA,"https://tblg.k-img.com/restaurant/images/Rvw/117088/320x320_square_117088125.jpg","https://tabelog.com/kanagawa/A1401/A140101/14068354/",35.4684645802915,35.4657666197085,139.6200858802915,139.6173879197085
宮地亭,"https://tblg.k-img.com/restaurant/images/Rvw/120846/320x320_square_120846184.jpg","https://tabelog.com/kanagawa/A1401/A140104/14025528/",35.44974168029151,35.44704371970851,139.6371422802915,139.6344443197085
ナビオス横浜,"https://tblg.k-img.com/restaurant/images/Rvw/64305/320x320_square_64305665.jpg","https://tabelog.com/kanagawa/A1401/A140104/14048724/",35.4540520802915,35.4513541197085,139.6404650802915,139.6377671197085
尾っぽや,"https://tblg.k-img.com/restaurant/images/Rvw/94819/320x320_square_94819091.jpg","https://tabelog.com/kanagawa/A1401/A140102/14007940/",35.46439798029149,35.46170001970849,139.6185459802915,139.6158480197085
トラットリア ボスコ,"https://tblg.k-img.com/restaurant/images/Rvw/128070/320x320_square_128070834.jpg","https://tabelog.com/kanagawa/A1401/A140304/14000910/",35.45240498029151,35.44970701970851,139.5284569802915,139.5257590197085
匠家 本店,"https://tblg.k-img.com/restaurant/images/Rvw/2391/320x320_square_2391815.jpg","https://tabelog.com/kanagawa/A1401/A140104/14013336/",35.44651058029149,35.4438126197085,139.6373971802915,139.6346992197085
イタリアンレストラン ピーノ,"https://tblg.k-img.com/restaurant/images/Rvw/67533/320x320_square_67533347.jpg","https://tabelog.com/kanagawa/A1401/A140210/14053780/",35.51109418029149,35.5083962197085,139.6824609802915,139.6797630197085
薬膳ハリハリ鍋ごんじゅ,"https://tblg.k-img.com/restaurant/images/Rvw/125837/320x320_square_125837340.jpg","https://tabelog.com/kanagawa/A1401/A140104/14029375/",35.4493131802915,35.44661521970851,139.6356257802915,139.6329278197085
焼肉 鐵,"https://tblg.k-img.com/restaurant/images/Rvw/38626/320x320_square_38626559.jpg","https://tabelog.com/kanagawa/A1401/A140206/14057911/",35.50391398029149,35.50121601970849,139.6201480802915,139.6174501197085
響 横浜スカイビル店,"https://tblg.k-img.com/restaurant/images/Rvw/59734/320x320_square_59734322.jpg","https://tabelog.com/kanagawa/A1401/A140101/14064919/",35.4659397802915,35.4632418197085,139.6259168802915,139.6232189197085
焼肉トラジ 鶴屋町店,"https://tblg.k-img.com/restaurant/images/Rvw/88247/320x320_square_88247067.jpg","https://tabelog.com/kanagawa/A1401/A140101/14012119/",35.46967558029149,35.4669776197085,139.6243444802915,139.6216465197085
アクイラ・ウォランス,"https://tblg.k-img.com/restaurant/images/Rvw/112700/320x320_square_112700794.jpg","https://tabelog.com/kanagawa/A1401/A140104/14050246/",35.4448614802915,35.4421635197085,139.6433412802915,139.6406433197085
日本酒 ト ワイン 岡野,"https://tblg.k-img.com/restaurant/images/Rvw/106281/320x320_square_106281446.jpg","https://tabelog.com/kanagawa/A1401/A140102/14040071/",35.4645514802915,35.4618535197085,139.6164362802915,139.6137383197085
8PLACE The Kitchen＆Bar 大倉山,"https://tblg.k-img.com/restaurant/images/Rvw/105041/320x320_square_105041276.jpg","https://tabelog.com/kanagawa/A1401/A140204/14074902/",35.52332578029149,35.52062781970849,139.6297764802915,139.6270785197085
Gatti 横浜西口店,"https://tblg.k-img.com/restaurant/images/Rvw/139399/320x320_square_139399211.jpg","https://tabelog.com/kanagawa/A1401/A140101/14051289/",35.4645739802915,35.4618760197085,139.6189259802915,139.6162280197085
Kanakoya,"https://tblg.k-img.com/restaurant/images/Rvw/31063/320x320_square_31063395.jpg","https://tabelog.com/kanagawa/A1401/A140102/14035732/",35.44649068029151,35.44379271970851,139.6279990802915,139.6253011197085
お魚 Dining わんだ,"https://tblg.k-img.com/restaurant/images/Rvw/57949/320x320_square_57949941.jpg","https://tabelog.com/kanagawa/A1401/A140104/14015399/",35.4495812802915,35.4468833197085,139.6366674802915,139.6339695197085
カラオケ パセラ 横浜関内店,"https://tblg.k-img.com/restaurant/images/Rvw/142756/320x320_square_142756402.jpg","https://tabelog.com/kanagawa/A1401/A140104/14035815/",35.4449074802915,35.44220951970851,139.6339030802915,139.6312051197085
ハート＆ソウル,"https://tblg.k-img.com/restaurant/images/Rvw/95893/320x320_square_95893621.jpg","https://tabelog.com/kanagawa/A1401/A140104/14036766/",35.4462303802915,35.4435324197085,139.6371979802915,139.6345000197085
CUCINA TAKEMURA,"https://tblg.k-img.com/restaurant/images/Rvw/102700/320x320_square_102700596.jpg","https://tabelog.com/kanagawa/A1401/A140102/14052167/",35.44931398029149,35.4466160197085,139.6370599802915,139.6343620197085
弥平 新子安店,"https://tblg.k-img.com/restaurant/images/Rvw/61977/320x320_square_61977346.jpg","https://tabelog.com/kanagawa/A1401/A140211/14035388/",35.4886989802915,35.4860010197085,139.6578129802915,139.6551150197085
一鳥 関内店,"https://tblg.k-img.com/restaurant/images/Rvw/139526/320x320_square_139526946.jpg","https://tabelog.com/kanagawa/A1401/A140104/14058583/",35.4451043802915,35.4424064197085,139.6357092802915,139.6330113197085
あぶり屋 上大岡店,"https://tblg.k-img.com/restaurant/images/Rvw/126257/320x320_square_126257174.jpg","https://tabelog.com/kanagawa/A1401/A140307/14008668/",35.4097435802915,35.40704561970851,139.5960069802915,139.5933090197085
URIDURI,"https://tblg.k-img.com/restaurant/images/Rvw/49929/320x320_square_49929241.jpg","https://tabelog.com/kanagawa/A1401/A140102/14052421/",35.44917278029151,35.44647481970851,139.6361429802915,139.6334450197085
清流満月,"https://tblg.k-img.com/restaurant/images/Rvw/76830/320x320_square_76830249.jpg","https://tabelog.com/kanagawa/A1401/A140102/14068950/",35.44874798029149,35.4460500197085,139.6308471802915,139.6281492197085
UKKIE'Sバル,"https://tblg.k-img.com/restaurant/images/Rvw/40033/320x320_square_40033131.jpg","https://tabelog.com/kanagawa/A1401/A140104/14006905/",35.44457188029149,35.4418739197085,139.6327507802915,139.6300528197085
マークス ガストロノミー&ワイン,"https://tblg.k-img.com/restaurant/images/Rvw/109134/320x320_square_109134448.jpg","https://tabelog.com/kanagawa/A1401/A140105/14062611/",35.44208598029149,35.4393880197085,139.6516769802915,139.6489790197085
横浜紅葉坂日本酒 ふじひら,"https://tblg.k-img.com/restaurant/images/Rvw/86421/320x320_square_86421745.jpg","https://tabelog.com/kanagawa/A1401/A140102/14071623/",35.45289848029149,35.4502005197085,139.6299618802915,139.6272639197085
海なぎ,"https://tblg.k-img.com/restaurant/images/Rvw/119183/320x320_square_119183536.jpg","https://tabelog.com/kanagawa/A1401/A140104/14068683/",35.4469180802915,35.4442201197085,139.6385482802915,139.6358503197085
オステリア カーロ ザンパータ,"https://tblg.k-img.com/restaurant/images/Rvw/124650/320x320_square_124650532.jpg","https://tabelog.com/kanagawa/A1401/A140204/14063775/",35.5387770802915,35.5360791197085,139.6325809802915,139.6298830197085
Hokkaido Gourmet Dining 北海道 横浜スカイビル店,"https://tblg.k-img.com/restaurant/images/Rvw/98742/320x320_square_98742827.jpg","https://tabelog.com/kanagawa/A1401/A140101/14032438/",35.4659405802915,35.4632426197085,139.6259094802915,139.6232115197085
カステリーナ,"https://tblg.k-img.com/restaurant/images/Rvw/119342/320x320_square_119342402.jpg","https://tabelog.com/kanagawa/A1401/A140101/14076411/",35.46814748029149,35.46544951970849,139.6181300802915,139.6154321197085
一軒家イタリアン 3丁目 Rigatto,"https://tblg.k-img.com/restaurant/images/Rvw/99776/320x320_square_99776004.jpg","https://tabelog.com/kanagawa/A1401/A140102/14073867/",35.4495949802915,35.4468970197085,139.6292421802915,139.6265442197085
CAMPARI,"https://tblg.k-img.com/restaurant/images/Rvw/120913/320x320_square_120913317.jpg","https://tabelog.com/kanagawa/A1401/A140104/14075116/",35.44791188029149,35.44521391970849,139.6401465802915,139.6374486197085
串亭 横浜みなとみらい,"https://tblg.k-img.com/restaurant/images/Rvw/133223/320x320_square_133223652.jpg","https://tabelog.com/kanagawa/A1401/A140101/14051495/",35.4561473802915,35.45344941970851,139.6322181802915,139.6295202197085
パパバジィ,"https://tblg.k-img.com/restaurant/images/Rvw/108619/320x320_square_108619004.jpg","https://tabelog.com/kanagawa/A1401/A140305/14075239/",35.3981558802915,35.39545791970851,139.5324210802915,139.5297231197085
Bistrot Grand Village,"https://tblg.k-img.com/restaurant/images/Rvw/105211/320x320_square_105211716.jpg","https://tabelog.com/kanagawa/A1401/A140106/14074379/",35.4295346802915,35.4268367197085,139.6476242802915,139.6449263197085
安波,"https://tblg.k-img.com/restaurant/images/Rvw/126950/320x320_square_126950719.jpg","https://tabelog.com/kanagawa/A1401/A140205/14078706/",35.4871476802915,35.4844497197085,139.6282815802915,139.6255836197085
オステリア サーレ エ ペペ,"https://tblg.k-img.com/restaurant/images/Rvw/100976/320x320_square_100976921.jpg","https://tabelog.com/kanagawa/A1401/A140104/14073226/",35.44890668029149,35.44620871970849,139.6416917802915,139.6389938197085
ビストロ ヴァン ヴァン,"https://tblg.k-img.com/restaurant/images/Rvw/29352/320x320_square_29352096.jpg","https://tabelog.com/kanagawa/A1401/A140206/14050158/",35.51106848029149,35.5083705197085,139.6161587802915,139.6134608197085
食彩房 桃の花,"https://tblg.k-img.com/restaurant/images/Rvw/34153/320x320_square_34153561.jpg","https://tabelog.com/kanagawa/A1401/A140302/14053281/",35.4777546802915,35.4750567197085,139.5496627802915,139.5469648197085
がちまや～,"https://tblg.k-img.com/restaurant/images/Rvw/32808/320x320_square_32808566.jpg","https://tabelog.com/kanagawa/A1401/A140305/14055481/",35.4439429802915,35.4412450197085,139.6357689802915,139.6330710197085
メルチェ カフェアンドレストラン,"https://tblg.k-img.com/restaurant/images/Rvw/145915/320x320_square_145915130.jpg","https://tabelog.com/kanagawa/A1401/A140201/14081874/",35.57672978029149,35.5740318197085,139.5586348802915,139.5559369197085
恵手得亭,"https://tblg.k-img.com/restaurant/images/Rvw/84827/320x320_square_84827710.jpg","https://tabelog.com/kanagawa/A1401/A140104/14054481/",35.4479069802915,35.4452090197085,139.6404159802915,139.6377180197085
エタージュ,"https://tblg.k-img.com/restaurant/images/Rvw/146758/320x320_square_146758544.jpg","https://tabelog.com/kanagawa/A1401/A140102/14050414/",35.44911138029149,35.44641341970849,139.6282685802915,139.6255706197085
えいりぃ亭,"https://tblg.k-img.com/restaurant/images/Rvw/57137/320x320_square_57137009.jpg","https://tabelog.com/kanagawa/A1401/A140203/14061140/",35.55735088029149,35.5546529197085,139.5796170802915,139.5769191197085
VALIOSO,"https://tblg.k-img.com/restaurant/images/Rvw/107301/320x320_square_107301013.jpg","https://tabelog.com/kanagawa/A1401/A140204/14060832/",35.53655208029149,35.53385411970849,139.6339304802915,139.6312325197085
すし海,"https://tblg.k-img.com/restaurant/images/Rvw/89516/320x320_square_89516540.jpg","https://tabelog.com/kanagawa/A1401/A140302/14070393/",35.47967948029151,35.47698151970851,139.5669954802915,139.5642975197085
焼肉DINING BULLS,"https://tblg.k-img.com/restaurant/images/Rvw/62946/320x320_square_62946492.jpg","https://tabelog.com/kanagawa/A1401/A140102/14064432/",35.4490369802915,35.4463390197085,139.6318269802915,139.6291290197085
焼肉 AJITO 総本店,"https://tblg.k-img.com/restaurant/images/Rvw/130187/320x320_square_130187028.jpg","https://tabelog.com/kanagawa/A1401/A140101/14078935/",35.4703878802915,35.4676899197085,139.6234054802915,139.6207075197085
PANWOK,"https://tblg.k-img.com/restaurant/images/Rvw/102164/320x320_square_102164893.jpg","https://tabelog.com/kanagawa/A1401/A140101/14003373/",35.4662457802915,35.4635478197085,139.6189242802915,139.6162263197085
マルコヴィッチコネクション,"https://tblg.k-img.com/restaurant/images/Rvw/122117/320x320_square_122117958.jpg","https://tabelog.com/kanagawa/A1401/A140101/14076913/",35.46810688029149,35.46540891970849,139.6181575802915,139.6154596197085
Grill＆Oyster Rico 牡蠣と魚,"https://tblg.k-img.com/restaurant/images/Rvw/126871/320x320_square_126871099.jpg","https://tabelog.com/kanagawa/A1401/A140202/14052093/",35.54367938029149,35.54098141970849,139.5166543802915,139.5139564197085
ミゲルフアニ 三井アウトレットパーク 横浜ベイサイド店,"https://tblg.k-img.com/restaurant/images/Rvw/146896/320x320_square_146896843.jpg","https://tabelog.com/kanagawa/A1401/A140310/14078928/",35.3809791802915,35.37828121970851,139.6487977802915,139.6460998197085
500kcal Truffle Farm,"https://tblg.k-img.com/restaurant/images/Rvw/124889/320x320_square_124889364.jpg","https://tabelog.com/kanagawa/A1401/A140104/14077201/",35.4574884802915,35.4547905197085,139.6430186802915,139.6403207197085
あぐーしゃぶしゃぶ 青,"https://tblg.k-img.com/restaurant/images/Rvw/83792/320x320_square_83792084.jpg","https://tabelog.com/kanagawa/A1401/A140104/14066281/",35.4492406802915,35.4465427197085,139.6404410802915,139.6377431197085
海底撈火鍋 横浜駅前店,"https://tblg.k-img.com/restaurant/images/Rvw/143619/320x320_square_143619941.jpg","https://tabelog.com/kanagawa/A1401/A140101/14081707/",35.4687810802915,35.4660831197085,139.6225314802915,139.6198335197085
ユニバーサルダイニング ONE,"https://tblg.k-img.com/restaurant/images/Rvw/136857/320x320_square_136857913.jpg","https://tabelog.com/kanagawa/A1401/A140104/14080443/",35.45171038029149,35.4490124197085,139.6355766802915,139.6328787197085
貝と炭火と日本酒 撓 横浜鶴屋町店,"https://tblg.k-img.com/restaurant/images/Rvw/108510/320x320_square_108510245.jpg","https://tabelog.com/kanagawa/A1401/A140101/14035886/",35.4698739802915,35.4671760197085,139.6245619802915,139.6218640197085
桜木町de焼肉DOURAKU,"https://tblg.k-img.com/restaurant/images/Rvw/120223/320x320_square_120223742.jpg","https://tabelog.com/kanagawa/A1401/A140102/14077341/",35.45210728029149,35.4494093197085,139.6338663802915,139.6311684197085
焼鳥ヤタガラス 横浜,"https://tblg.k-img.com/restaurant/images/Rvw/140938/320x320_square_140938744.jpg","https://tabelog.com/kanagawa/A1401/A140101/14080786/",35.4704097802915,35.46771181970851,139.6236506802915,139.6209527197085
本格手打ち蕎麦・酒・蕎麦割烹 壱 クラシック,"https://tblg.k-img.com/restaurant/images/Rvw/139342/320x320_square_139342951.jpg","https://tabelog.com/kanagawa/A1401/A140104/14079838/",35.4492674802915,35.4465695197085,139.6363310802915,139.6336331197085
ドゥジェーム ラ セーヌ,"https://tblg.k-img.com/restaurant/images/Rvw/106457/320x320_square_106457659.jpg","https://tabelog.com/kanagawa/A1401/A140105/14072856/",35.4397609802915,35.4370630197085,139.6470972802915,139.6443993197085
オステリア オーラン,"https://tblg.k-img.com/restaurant/images/Rvw/135706/320x320_square_135706845.jpg","https://tabelog.com/kanagawa/A1401/A140303/14071799/",35.4669961802915,35.4642982197085,139.5037997802915,139.5011018197085
KICHIRI 横浜,"https://tblg.k-img.com/restaurant/images/Rvw/77096/320x320_square_77096325.jpg","https://tabelog.com/kanagawa/A1401/A140101/14030994/",35.46924738029149,35.46654941970849,139.6244666802915,139.6217687197085
牛兵衛 草庵 そごう横浜店,"https://tblg.k-img.com/restaurant/images/Rvw/90583/320x320_square_90583345.jpg","https://tabelog.com/kanagawa/A1401/A140101/14058924/",35.46688708029149,35.46418911970849,139.6268627802915,139.6241648197085
東天紅 横浜桜木町ワシントンホテル店,"https://tblg.k-img.com/restaurant/images/Rvw/27081/320x320_square_27081567.jpg","https://tabelog.com/kanagawa/A1401/A140104/14006043/",35.4521609802915,35.4494630197085,139.6340469802915,139.6313490197085
good spoon pizzeria&cheese 横浜モアーズ店,"https://tblg.k-img.com/restaurant/images/Rvw/127509/320x320_square_127509257.jpg","https://tabelog.com/kanagawa/A1401/A140101/14078364/",35.4686522802915,35.4659543197085,139.6234926802915,139.6207947197085
キクチ,"https://tblg.k-img.com/restaurant/images/Rvw/54985/320x320_square_54985902.jpg","https://tabelog.com/kanagawa/A1401/A140106/14001930/",35.43163388029151,35.42893591970851,139.6641057802915,139.6614078197085
bar SLOW,"https://tblg.k-img.com/restaurant/images/Rvw/67564/320x320_square_67564692.jpg","https://tabelog.com/kanagawa/A1401/A140105/14031385/",35.4451177802915,35.4424198197085,139.6443762802915,139.6416783197085
スーパーノヴァ,"https://tblg.k-img.com/restaurant/images/Rvw/45763/320x320_square_45763582.jpg","https://tabelog.com/kanagawa/A1401/A140104/14036431/",35.44893458029149,35.44623661970849,139.6380740802915,139.6353761197085
KITCHEN MANE,"https://tblg.k-img.com/restaurant/images/Rvw/116391/320x320_square_116391182.jpg","https://tabelog.com/kanagawa/A1401/A140104/14076659/",35.4532389802915,35.4505410197085,139.6395272802915,139.6368293197085
WAGO,"https://tblg.k-img.com/restaurant/images/Rvw/137948/320x320_square_137948264.jpg","https://tabelog.com/kanagawa/A1401/A140212/14073516/",35.47065928029149,35.46796131970849,139.6257357802915,139.6230378197085
完全個室居酒屋 ふらり 新横浜店,"https://tblg.k-img.com/restaurant/images/Rvw/127304/320x320_square_127304991.jpg","https://tabelog.com/kanagawa/A1401/A140206/14061572/",35.5108189802915,35.5081210197085,139.6173749802915,139.6146770197085
あいぐん　寛ぎ刻・旬味厨房,"https://tblg.k-img.com/restaurant/images/Rvw/21718/320x320_square_21718299.jpg","https://tabelog.com/kanagawa/A1401/A140308/14045862/",35.3962181802915,35.3935202197085,139.6120769802915,139.6093790197085
満月いぶき 横浜鶴屋町,"https://tblg.k-img.com/restaurant/images/Rvw/133118/320x320_square_133118460.jpg","https://tabelog.com/kanagawa/A1401/A140101/14079647/",35.4701903802915,35.4674924197085,139.6244639802915,139.6217660197085
フェスタ カリーナ,"https://tblg.k-img.com/restaurant/images/Rvw/17755/320x320_square_17755320.jpg","https://tabelog.com/kanagawa/A1401/A140104/14024135/",35.45151938029149,35.4488214197085,139.6392452802915,139.6365473197085
シュリンプサンセット,"https://tblg.k-img.com/restaurant/images/Rvw/82868/320x320_square_82868055.jpg","https://tabelog.com/kanagawa/A1401/A140104/14070281/",35.44508688029149,35.4423889197085,139.6337170802915,139.6310191197085
UMAMI日本酒弐番館,"https://tblg.k-img.com/restaurant/images/Rvw/141846/320x320_square_141846787.jpg","https://tabelog.com/kanagawa/A1401/A140101/14059394/",35.4701592802915,35.46746131970851,139.6221305802915,139.6194326197085
LA GRACE,"https://tblg.k-img.com/restaurant/images/Rvw/44148/320x320_square_44148948.jpg","https://tabelog.com/kanagawa/A1401/A140305/14008134/",35.40568758029149,35.4029896197085,139.5381858802915,139.5354879197085
bal404,"https://tblg.k-img.com/restaurant/images/Rvw/132375/320x320_square_132375610.jpg","https://tabelog.com/kanagawa/A1401/A140205/14067390/",35.4912374802915,35.4885395197085,139.6289437802915,139.6262458197085
やきとり直,"https://tblg.k-img.com/restaurant/images/Rvw/133843/320x320_square_133843262.jpg","https://tabelog.com/kanagawa/A1401/A140104/14079826/",35.4483383802915,35.4456404197085,139.6397307802915,139.6370328197085
キッチンフライペン,"https://tblg.k-img.com/restaurant/images/Rvw/138362/320x320_square_138362299.jpg","https://tabelog.com/kanagawa/A1401/A140104/14026598/",35.44794488029149,35.4452469197085,139.6384521802915,139.6357542197085
新横浜 居酒屋 すずの邸 和食と完全個室,"https://tblg.k-img.com/restaurant/images/Rvw/128046/320x320_square_128046368.jpg","https://tabelog.com/kanagawa/A1401/A140206/14059977/",35.5107940802915,35.5080961197085,139.6174130802915,139.6147151197085
すし酒場 ベニーアンドブル,"https://tblg.k-img.com/restaurant/images/Rvw/131210/320x320_square_131210478.jpg","https://tabelog.com/kanagawa/A1401/A140203/14061141/",35.5380707802915,35.5353728197085,139.5904628802915,139.5877649197085
仲町台焼肉 一喜FARM,"https://tblg.k-img.com/restaurant/images/Rvw/125179/320x320_square_125179184.jpg","https://tabelog.com/kanagawa/A1401/A140203/14078263/",35.5358969802915,35.5331990197085,139.5904859802915,139.5877880197085
野毛スタンディングバーAMANDA,"https://tblg.k-img.com/restaurant/images/Rvw/65645/320x320_square_65645835.jpg","https://tabelog.com/kanagawa/A1401/A140102/14066677/",35.4481749802915,35.44547701970851,139.6298028802915,139.6271049197085
Bistro & Wine Faein,"https://tblg.k-img.com/restaurant/images/Rvw/130946/320x320_square_130946313.jpg","https://tabelog.com/kanagawa/A1401/A140106/14064994/",35.4329359802915,35.4302380197085,139.6510709802915,139.6483730197085
鮮や一夜 横浜相鉄口店,"https://tblg.k-img.com/restaurant/images/Rvw/73757/320x320_square_73757689.jpg","https://tabelog.com/kanagawa/A1401/A140101/14053766/",35.4653438802915,35.4626459197085,139.6181218802915,139.6154239197085
Cafe & Bar Lotta TSUTAYA BOOKSTORE 弥生台店,"https://tblg.k-img.com/restaurant/images/Rvw/134689/320x320_square_134689810.jpg","https://tabelog.com/kanagawa/A1401/A140304/14080071/",35.4300011802915,35.4273032197085,139.5085015802915,139.5058036197085
個室居酒屋 もつ鍋博多屋 横浜駅前店,"https://tblg.k-img.com/restaurant/images/Rvw/96466/320x320_square_96466928.jpg","https://tabelog.com/kanagawa/A1401/A140101/14073336/",35.4701981802915,35.4675002197085,139.6227998802915,139.6201019197085
肉バルICHIE 横浜西口,"https://tblg.k-img.com/restaurant/images/Rvw/124756/320x320_square_124756487.jpg","https://tabelog.com/kanagawa/A1401/A140102/14064960/",35.46538028029149,35.46268231970849,139.6177264802915,139.6150285197085
うらしま,"https://tblg.k-img.com/restaurant/images/Rvw/44201/320x320_square_44201781.jpg","https://tabelog.com/kanagawa/A1401/A140104/14008520/",35.4839872,35.4805121,139.6446949,139.641082
焼肉うしぞの,"https://tblg.k-img.com/restaurant/images/Rvw/119546/320x320_square_119546693.jpg","https://tabelog.com/kanagawa/A1401/A140210/14077436/",35.51058398029149,35.50788601970849,139.6769380802915,139.6742401197085
レストラン アール,"https://tblg.k-img.com/restaurant/images/Rvw/127540/320x320_square_127540520.jpg","https://tabelog.com/kanagawa/A1401/A140304/14069552/",35.44503818029151,35.44234021970851,139.5268152802915,139.5241173197085
RAI’SBAR,"https://tblg.k-img.com/restaurant/images/Rvw/16221/320x320_square_16221368.jpg","https://tabelog.com/kanagawa/A1401/A140101/14001989/",35.4706103802915,35.4679124197085,139.6251398802915,139.6224419197085
バーハレラニ,"https://tblg.k-img.com/restaurant/images/Rvw/23799/320x320_square_23799775.jpg","https://tabelog.com/kanagawa/A1401/A140212/14003031/",35.4704481802915,35.4677502197085,139.6319648802915,139.6292669197085
ビストロノミー・ラトリエ1959・ヨコハマ,"https://tblg.k-img.com/restaurant/images/Rvw/52571/320x320_square_52571216.jpg","https://tabelog.com/kanagawa/A1401/A140104/14054755/",35.4468872802915,35.4441893197085,139.6339743802915,139.6312764197085
肉×ワイン ビストロ・イタリアン ユナイテッド,"https://tblg.k-img.com/restaurant/images/Rvw/143278/320x320_square_143278156.jpg","https://tabelog.com/kanagawa/A1401/A140305/14079501/",35.4000630802915,35.3973651197085,139.5329953802915,139.5302974197085
炭火焼鶏 酉乃,"https://tblg.k-img.com/restaurant/images/Rvw/64063/320x320_square_64063290.jpg","https://tabelog.com/kanagawa/A1401/A140306/14066502/",35.4287822802915,35.4260843197085,139.6080989802915,139.6054010197085
濱正,"https://tblg.k-img.com/restaurant/images/Rvw/76401/320x320_square_76401478.jpg","https://tabelog.com/kanagawa/A1401/A140205/14069019/",35.47779458029151,35.47509661970851,139.6284382802915,139.6257403197085
Chez Mamie,"https://tblg.k-img.com/restaurant/images/Rvw/114705/320x320_square_114705989.jpg","https://tabelog.com/kanagawa/A1401/A140205/14076667/",35.4997639802915,35.49706601970851,139.6337776802915,139.6310797197085
裏横 肉バル ボースン,"https://tblg.k-img.com/restaurant/images/Rvw/81948/320x320_square_81948525.jpg","https://tabelog.com/kanagawa/A1401/A140101/14070298/",35.4642322802915,35.46153431970851,139.6238110802915,139.6211131197085
Zona,"https://tblg.k-img.com/restaurant/images/Rvw/15478/320x320_square_15478058.jpg","https://tabelog.com/kanagawa/A1401/A140203/14006936/",35.4881191802915,35.4854212197085,139.6083724802915,139.6056745197085
エスカイヤクラブ 横浜,"https://tblg.k-img.com/restaurant/images/Rvw/11849/320x320_square_11849414.jpg","https://tabelog.com/kanagawa/A1401/A140101/14031813/",35.4687810802915,35.4660831197085,139.6225314802915,139.6198335197085
Bar&Dining ReX,"https://tblg.k-img.com/restaurant/images/Rvw/135185/320x320_square_135185831.jpg","https://tabelog.com/kanagawa/A1401/A140306/14033329/",35.42730898029149,35.42461101970849,139.6048199802915,139.6021220197085
エスカルゼ,"https://tblg.k-img.com/restaurant/images/Rvw/27874/320x320_square_27874712.jpg","https://tabelog.com/kanagawa/A1401/A140104/14054494/",35.4462364802915,35.4435385197085,139.6372105802915,139.6345126197085
鮨 蒼井,"https://tblg.k-img.com/restaurant/images/Rvw/144388/320x320_square_144388366.jpg","https://tabelog.com/kanagawa/A1401/A140202/14068357/",35.54205648029149,35.53935851970849,139.5208719802915,139.5181740197085
和創作 いろは,"https://tblg.k-img.com/restaurant/images/Rvw/135995/320x320_square_135995892.jpg","https://tabelog.com/kanagawa/A1401/A140104/14077818/",35.44811868029149,35.4454207197085,139.6401753802915,139.6374774197085
横浜テラス 横浜西口駅前店,"https://tblg.k-img.com/restaurant/images/Rvw/133851/320x320_square_133851261.jpg","https://tabelog.com/kanagawa/A1401/A140101/14079403/",35.4671035802915,35.4644056197085,139.6208343802915,139.6181364197085
魚屋酒場フィッシャー,"https://tblg.k-img.com/restaurant/images/Rvw/119066/320x320_square_119066888.jpg","https://tabelog.com/kanagawa/A1401/A140210/14077090/",35.50867298029149,35.50597501970849,139.6797847802915,139.6770868197085
焼鳥 一二三,"https://tblg.k-img.com/restaurant/images/Rvw/137547/320x320_square_137547263.jpg","https://tabelog.com/kanagawa/A1401/A140106/14080580/",35.43339488029149,35.4306969197085,139.6506282802915,139.6479303197085
洋 若蔵,"https://tblg.k-img.com/restaurant/images/Rvw/104854/320x320_square_104854404.jpg","https://tabelog.com/kanagawa/A1401/A140101/14073590/",35.46411988029149,35.46142191970849,139.6236691802915,139.6209712197085
グリルアンドシーテーブル アキト みなとみらい店,"https://tblg.k-img.com/restaurant/images/Rvw/87645/320x320_square_87645713.jpg","https://tabelog.com/kanagawa/A1401/A140102/14067644/",35.4550108802915,35.4523129197085,139.6343716802915,139.6316737197085
ポコ ア ポコ,"https://tblg.k-img.com/restaurant/images/Rvw/126201/320x320_square_126201502.jpg","https://tabelog.com/kanagawa/A1401/A140303/14073574/",35.4673933802915,35.4646954197085,139.5314230802915,139.5287251197085
オールドデイズクラブ,"https://tblg.k-img.com/restaurant/images/Rvw/66838/320x320_square_66838911.jpg","https://tabelog.com/kanagawa/A1401/A140105/14067500/",35.4427189802915,35.4400210197085,139.6554524802915,139.6527545197085
千年の宴 新横浜駅前店,"https://tblg.k-img.com/restaurant/images/Rvw/49961/320x320_square_49961725.jpg","https://tabelog.com/kanagawa/A1401/A140206/14029002/",35.5099521802915,35.5072542197085,139.6196662802915,139.6169683197085
全席個室 楽蔵うたげ 関内駅前店,"https://tblg.k-img.com/restaurant/images/Rvw/67364/320x320_square_67364286.jpg","https://tabelog.com/kanagawa/A1401/A140104/14046847/",35.4468795802915,35.4441816197085,139.6362748802915,139.6335769197085
呑みきち 日吉店,"https://tblg.k-img.com/restaurant/images/Rvw/16090/320x320_square_16090349.jpg","https://tabelog.com/kanagawa/A1401/A140204/14008948/",35.5553226802915,35.5526247197085,139.6461306802915,139.6434327197085
完全個室居酒屋 京こまち 新横浜店,"https://tblg.k-img.com/restaurant/images/Rvw/128187/320x320_square_128187142.jpg","https://tabelog.com/kanagawa/A1401/A140206/14065099/",35.5105328802915,35.5078349197085,139.6169057802915,139.6142078197085
Piano Dining ももんち,"https://tblg.k-img.com/restaurant/images/Rvw/59228/320x320_square_59228137.jpg","https://tabelog.com/kanagawa/A1401/A140102/14065668/",35.4454709802915,35.4427730197085,139.6280449802915,139.6253470197085
三代目 野鳥,"https://tblg.k-img.com/restaurant/images/Rvw/137624/320x320_square_137624500.jpg","https://tabelog.com/kanagawa/A1401/A140104/14080000/",35.4496656802915,35.4469677197085,139.6364739802915,139.6337760197085
旬彩料理 十三夜,"https://tblg.k-img.com/restaurant/images/Rvw/132635/320x320_square_132635965.jpg","https://tabelog.com/kanagawa/A1401/A140104/14073113/",35.4515755802915,35.4488776197085,139.6398717802915,139.6371738197085
osteria kota,"https://tblg.k-img.com/restaurant/images/Rvw/121810/320x320_square_121810106.jpg","https://tabelog.com/kanagawa/A1401/A140104/14076587/",35.44770048029149,35.4450025197085,139.6395671802915,139.6368692197085
PERCH,"https://tblg.k-img.com/restaurant/images/Rvw/146471/320x320_square_146471984.jpg","https://tabelog.com/kanagawa/A1401/A140102/14081156/",35.4633123802915,35.4606144197085,139.6183986802915,139.6157007197085
全席個室 楽蔵うたげ 新横浜店,"https://tblg.k-img.com/restaurant/images/Rvw/85880/320x320_square_85880601.jpg","https://tabelog.com/kanagawa/A1401/A140206/14059102/",35.5096868802915,35.5069889197085,139.6164565802915,139.6137586197085
東戸塚 全席個室居酒屋 藁焼き直七,"https://tblg.k-img.com/restaurant/images/Rvw/108674/320x320_square_108674088.jpg","https://tabelog.com/kanagawa/A1401/A140305/14075543/",35.4324533802915,35.4297554197085,139.5584607802915,139.5557628197085
完全個室プライベートダイニング 彩 新横浜店,"https://tblg.k-img.com/restaurant/images/Rvw/113890/320x320_square_113890048.jpg","https://tabelog.com/kanagawa/A1401/A140206/14065091/",35.51053898029149,35.50784101970849,139.6168931802915,139.6141952197085
